day_of_week,complaint_description,total_requests
1,Austin Code - Request Code Officer,13542
1,Traffic Signal - Maintenance,9240
1,Loose Dog,8243
1,Injured / Sick Animal,6220
1,ARR - Storm Debris Collection,6101
1,ARR Dead Animal Collection,5550
1,APD - Non Emergency Noise/Alarm,5217
1,Park Maintenance - Grounds,4874
1,Loud Commercial Music,4348
1,Animal Control - Assistance Request,4317
1,Street Light Issue- Address,3403
1,Pothole Repair,2843
1,APD - Non Emergency Collision,2141
1,ATD - Parking Violation Enforcement,2055
1,Public Health - Graffiti Abatement,1883
1,Water Waste Report,1882
1,Animal - Proper Care,1876
1,Loud Music,1807
1,Tree Issue ROW,1682
1,Parking Violation Enforcement,1669
1,Animal Bite,1626
1,APD - Vehicle Abatement Report,1589
1,Found Animal Report - Keep,1525
1,Debris in Street,1478
1,Sign - Traffic Sign Maintenance,1456
1,311 CC - Other,1395
1,Found Animal - Pick Up,1374
1,Wildlife Exposure,1296
1,ARR Missed Recycling,1200
1,ACD - Request Code Officer,1149
1,ARR - Dead Animal Collection,1047
1,ATD - Shared Micromobility,1044
1,Tree Issue ROW/Emergency (PW),1022
1,Code Compliance,999
1,Shared Micromobility,996
1,Sidewalk Repair,923
1,DSD - Outdoor Commercial Venue Music Complaint,916
1,AW - Water Conservation Violation,906
1,Obstruction in ROW,886
1,AE Street Light Issue - Address,850
1,Sign - Traffic Sign Emergency,849
1,Animal Protection - Loose Dog,848
1,Graffiti Abatement,847
1,Austin Code - Short Term Rental Complaint SR,836
1,Dockless Mobility,778
1,Sign - New,762
1,Austin Code - Coronavirus,756
1,ARR Missed Yard Trimmings/Compost,729
1,Traffic Signal - Dig Tess Request,650
1,Loose Animal Not Dog,648
1,Park Maintenance - Grounds Plumbing Issues,646
1,Animal Protection - Injured/Sick Animal,644
1,AW - Water Waste Report,622
1,APH - Graffiti Abatement - Public Property,609
1,ARR - Garbage,600
1,Dangerous/Vicious Dog Investigation,572
1,Animal In Vehicle,554
1,Park Maintenance - Pool Issues,536
1,ATD - Concerns in Right of Way,533
1,ARR Brush and Bulk,523
1,ARR - Compost,521
1,Austin Code - Signs/Billboards,488
1,ZZ AFD - Fireworks Complaint,484
1,Public Health - Environmental Services - City,473
1,Coyote Complaints,472
1,Animal Services - Contact Request,461
1,ATD - Traffic Sign Maintenance,459
1,Channels/Creeks/Drainage Easement,447
1,Lost Item in Storm Drainage System,416
1,Pavement Failure,407
1,ARR - Recycling,403
1,Animal Protection - Found Animal Assistance,401
1,Parking Machine Issue,400
1,Pet Resource Center - Assistance Request,349
1,Flooding  Current (Non-Emergency),331
1,Bicycle Issues,313
1,Park Maintenance - Building Plumbing Issues,310
1,Construction Items in ROW,305
1,ARR Street Sweeping,298
1,Concerns in the ROW,295
1,ATD - Lane/Road Closure Notification,290
1,Zz_Loud Commercial Music,278
1,Traffic Signal - New/Change,277
1,SBO - Pothole Repair,264
1,DSD - Request Code Officer,260
1,Park Maintenance - Grounds Electrical Issues,248
1,ARR Missed Yard Trimmings /Organics,248
1,Road Markings/Striping - Maintenance,248
1,Sign - Street Name,244
1,ATD - Construction Items in Right of Way,244
1,DSD - Environmental Complaint,240
1,Tree Issue ROW/Maintenance (PW),236
1,WPD - Channels/Creek/Drainage Issues,236
1,ZZ - AFD - Fireworks Complaint,226
1,Animal Protection - Assistance Request,216
1,ATD - Traffic Signal - Maintenance,208
1,Sign - Parking Sign Maintenance,207
1,Animal Protection - Animal Proper Care,206
1,Creek & Pond Vegetation Control,204
1,Alley & Unpaved Street Maintenance,201
1,View Obstruction at Intersection,201
1,Pet Resource Center - Found Pet Report,189
1,Street Light Issue- Multiple poles/multiple streets,182
1,PWD - Tree Issue Right of Way,181
1,ATD - Speed Management,176
1,Lane/Road Closure Notification,169
1,Animal Trapped in Storm Drain,168
1,ARR - General,166
1,Park Maintenance - Building Issues,166
1,Animal Protection - Animal Bite,166
1,ACD - Short Term Rental Complaint,158
1,Construction items in ROW,154
1,ARR - Street Sweeping,154
1,Community Connections - Coronavirus,144
1,Sidewalk/Curb Ramp/Route - NEW,143
1,ATD - Road Markings/Striping - Maintenance,140
1,Mowing Medians,140
1,ATD - Booting Complaint,138
1,Traffic Engineering - General,136
1,Traffic Calming,136
1,ATD - Traffic Signal Maintenance,125
1,APH - Environmental Health Services - City,120
1,ARR - Bulk,119
1,Mowing City Parks,119
1,Park Maintenance - Building A/C & Heating Issues,117
1,SBO - Debris in Street,117
1,Road Markings/Striping - New,114
1,ATD - Traffic Sign New,108
1,Bat Complaint,106
1,Standing Water,104
1,Flooding Current (Non-Emergency),101
1,ATD - Traffic Sign Emergency,97
1,ATD - Parking Sign Maintenance,94
1,Flooding - Past,89
1,Tree Issue ROW/Emergency (PARD),88
1,Street Lights New,87
1,Animal Protection - Wildlife Exposure,85
1,Speed Management,84
1,ARR - Brush,84
1,AFD - Fireworks Complaint,84
1,Animal Roadside Sales,83
1,WPD - Flooding Current,83
1,School Zone Flasher - Timing/Maintenance,83
1,Park Maintenance - Cemeteries,82
1,SBO - Obstruction in Right of Way,80
1,ARR - On Call Bulk,80
1,Aquatics Hotline Inquiry,79
1,WPD - Lost Item in Storm Drainage System,79
1,Street Resurfacing,77
1,ATD - Street Name Sign Maintenance,76
1,Tree Issue ROW/Maintenance (PARD),74
1,SBO - Sidewalk Repair,73
1,ARR - Special Services,71
1,AE Street Light Issue - No Address,69
1,Curb/Gutter Repair,69
1,Guardrail New/Repair,69
1,ATD - Special Event,68
1,APD - Vehicle Abatement Callback Request,68
1,ATD - Parking Machine Issue,66
1,Animal Protection - Loose Animal Not Dog,65
1,TARA - Telecommunication Complaint,61
1,Zz_ARR - Storm Debris Collection,58
1,WPD - Standing Water,54
1,Animal Protection - Vicious Dog Complaint,54
1,Construction Items- ROW,49
1,ATD - Road Markings/Striping - New,49
1,PARD - Aquatic Maintenance,48
1,Loose Animal (not dog),45
1,Speed Limit - Changes/Signs,45
1,ATD - Dig Tess Request,44
1,Animal Protection - Coyote Complaints,43
1,Park Maintenance - Building Electrical Issues,43
1,WPD - Drainage Pond Maintenance,41
1,AFD - Wildfire Concern / Presentation,39
1,Storm Drain Pipe Services,39
1,Animal Protection - Animal In Vehicle,38
1,311 CRIS - City Vehicle Report,37
1,SBO - Pavement Failure,35
1,Animal Protection - Dangerous Dog Complaint,35
1,ARR - Spillage Trash/Fluids,34
1,DSD - Follow-Up,34
1,SBO - New Sidewalk/Curb Ramp/Route,33
1,WPD - Storm Drain Services,32
1,Code Compliance - Signs/Billboards,32
1,ATD - School Zone Beacon - Maintenance,31
1,SBO - Street and Bridge Miscellaneous,30
1,AE - Electric Vehicle Station Issues,30
1,ATD - Traffic Signal - New/Modification,30
1,Bridge Repair,30
1,Guardrail Repair,29
1,Short Term Rental Complaint SR,28
1,Ditch/Driveway Pipe Services,28
1,Sign - School Zone Sign Maintenance,27
1,Neighborhood Home Programs,26
1,Animal Protection - Dog Restraint Issues,26
1,Street Resurfacing Inquiry,24
1,ATD - View Obstruction and Fencing at Intersection,24
1,WPD - Lady Bird Lake Debris Issues,23
1,Public Health - Environmental Services - County,23
1,SBO - Alley & Unpaved Street Maintenance,23
1,ARR - Pet Search,22
1,WPD - Ditch/Driveway Pipe Services,21
1,DSD - Short Term Rental Complaint,21
1,ACD - Case Updates/Code Connect Messages,21
1,PARD - Aquatic Inquiries/Issues,21
1,ATD - Bicycle &amp; Pedestrian Issues,21
1,Austin Code - Construction Rest Break Complaint,21
1,AE - Key Accounts,20
1,ARR - Property Damage Report,20
1,SBO - Street Resurfacing,19
1,ATD - Traffic Signal - New,19
1,ZZ Park Maintenance - Pool Issues,18
1,CPIO - Community Voices,17
1,SBO - Guardrail New/Repair,17
1,ZZ - Tree Issue ROW,16
1,Water Theft Report,16
1,School Zone - New/Review/Changes,15
1,WPD - Watershed Grow Zone Issues,15
1,Roadway Spillage,15
1,Construction/Permitting- ROW,15
1,WPD - Flooding Past,14
1,Barricade Request,14
1,PARD - Commercial Use of Parkland,13
1,PWD - Mowing Medians,12
1,ATD - School Zone Sign Maintenance,12
1,Parking Ticket Complaint,11
1,AW - Water Theft Report,11
1,Animal Protection - Animal Trapped in Storm Drain,11
1,ATD - Traffic Signal - Modification,11
1,ATD - Construction Concerns in Right of Way,11
1,Town Lake Debris Issues,11
1,SBO - Utility Cut Repair,10
1,SBO - Curb/Gutter Repair,10
1,ERM - Harmful Algae,9
1,Austin Code - Short Term Rental (STR) Appointment,8
1,ATD - Pay-by-Phone App,8
1,Corridor Program Office - Corridor Feedback,8
1,ARR - On Call Brush,8
1,Ordinance Single-Use Carryout Bags,8
1,APH - Environmental Health Services - County,7
1,Dangerous Animal - Except Dogs,7
1,ARR - Household Hazardous Waste,7
1,Ordinance Universal Recycling,7
1,WPD - Erosion,6
1,HPD - Neighborhood Home Programs,6
1,Drainage - Miscellaneous,6
1,APH - Community Connections Coronavirus,6
1,ACD - Billboard Complaint,6
1,Residential Parking Permit Enforcement,6
1,EV PIE Station Issues,6
1,ZZZ ARR Missed Recycling,5
1,APD - Non Emergency Hands Free Violation,5
1,Park Maintenance - Building A/C &amp; Heating Issues,5
1,Fence/Wall Repair,5
1,ARR Dumpster,5
1,Basic Needs - Appointment,4
1,AFD - Wildfire Education,4
1,Animal Protection - Animal Roadside Sales,4
1,CPIO - Community Engagement Project Feedback,4
1,PW - School Zone - New/Review/Changes,4
1,Code Compliance - Short Term Rental (STR) Appointment,4
1,ZZ Creek & Pond Vegetation Control,4
1,Flood Report,4
1,HSEM Heat Advisory,3
1,DSD - Case Updates/Code Connect Messages,3
1,ZZZ ARR Brush and Bulk,3
1,Obstruction - Urban Forestry,3
1,PARD - Aquatic Program Inquiries,3
1,Zz_Traffic Engineering - General,3
1,Vendor Permit - ROW,2
1,Newspaper Rack- ROW,2
1,SBO - Bridge Repair,2
1,Valet Permit - ROW,2
1,ACD - Construction Rest Break Complaint,2
1,Filming Permit - ROW,2
1,DSD - Billboard Complaint,2
1,SBO - Roadway Spillage,2
1,Parking Permit- ROW,2
1,ATD - Bicycle & Pedestrian Issues,2
1,ZZ Creek &amp; Pond Vegetation Control,2
1,Corridor Program - Corridor Feedback,1
1,ZZ Mowing Medians,1
1,PW - School Issues - Crossing Guards,1
1,ZZ ARR - Storm Debris Collection,1
1,HD - Neighborhood Home Programs,1
1,Flooding - Storms After Business Hours,1
1,Construction Ordinance SR,1
1,HSEM - Heat Advisory,1
1,ZZ Mowing City Parks,1
1,EV PIP Residential Rebate,1
1,Guardrail - New,1
1,ZZ Corridor Program - Corridor Feedback,1
1,ATD - Traffic Engineering - General,1
1,Road Sanding Request,1
1,Austin Code - Construction Ordinance SR,1
1,APH - Health Equity Line,1
1,Fence Repair - MOPAC,1
2,Austin Code - Request Code Officer,38781
2,Traffic Signal - Maintenance,14707
2,Loose Dog,12485
2,ARR - Storm Debris Collection,9911
2,ARR Missed Recycling,9177
2,Animal Control - Assistance Request,8992
2,Street Light Issue- Address,8723
2,ARR Dead Animal Collection,8485
2,Injured / Sick Animal,7532
2,Park Maintenance - Grounds,6973
2,ARR - Garbage,6041
2,ARR Missed Yard Trimmings/Compost,4955
2,Pothole Repair,4929
2,ATD - Parking Violation Enforcement,4301
2,ATD - Shared Micromobility,4086
2,ARR - Compost,3787
2,Tree Issue ROW,3612
2,Debris in Street,3469
2,ARR Brush and Bulk,3453
2,Code Compliance,3261
2,APD - Vehicle Abatement Report,3196
2,ARR - Recycling,3187
2,APD - Non Emergency Collision,2898
2,Graffiti Abatement,2833
2,Traffic Signal - Dig Tess Request,2802
2,ACD - Request Code Officer,2684
2,APD - Non Emergency Noise/Alarm,2585
2,Animal - Proper Care,2531
2,Sign - Traffic Sign Maintenance,2492
2,Public Health - Graffiti Abatement,2444
2,ARR Missed Yard Trimmings /Organics,2312
2,Water Waste Report,2302
2,Obstruction in ROW,2195
2,Wildlife Exposure,2120
2,Sidewalk Repair,2059
2,Animal Bite,2048
2,Lane/Road Closure Notification,2034
2,Found Animal - Pick Up,1978
2,Sign - New,1971
2,Austin Code - Short Term Rental Complaint SR,1946
2,Parking Violation Enforcement,1867
2,Found Animal Report - Keep,1842
2,311 CC - Other,1802
2,AE Street Light Issue - Address,1741
2,ARR - Dead Animal Collection,1681
2,Shared Micromobility,1643
2,Loud Commercial Music,1620
2,DSD - Follow-Up,1608
2,Parking Machine Issue,1538
2,Pavement Failure,1445
2,Concerns in the ROW,1362
2,Channels/Creeks/Drainage Easement,1280
2,Sign - Traffic Sign Emergency,1246
2,ATD - Traffic Sign Maintenance,1229
2,Public Health - Environmental Services - City,1152
2,Traffic Signal - New/Change,1127
2,Animal Protection - Loose Dog,1125
2,AW - Water Conservation Violation,1100
2,Sign - Street Name,1078
2,Animal Services - Contact Request,1005
2,ATD - Concerns in Right of Way,982
2,APH - Graffiti Abatement - Public Property,927
2,Dangerous/Vicious Dog Investigation,925
2,Tree Issue ROW/Maintenance (PW),905
2,Dockless Mobility,902
2,Loose Animal Not Dog,901
2,ARR Street Sweeping,900
2,Aquatics Hotline Inquiry,878
2,Austin Code - Signs/Billboards,873
2,School Zone Flasher - Timing/Maintenance,870
2,Pet Resource Center - Assistance Request,866
2,Road Markings/Striping - Maintenance,850
2,ATD - Lane/Road Closure Notification,843
2,Tree Issue ROW/Emergency (PW),841
2,Community Connections - Coronavirus,840
2,ARR - General,838
2,View Obstruction at Intersection,826
2,Traffic Engineering - General,797
2,Creek & Pond Vegetation Control,780
2,Animal Protection - Injured/Sick Animal,751
2,WPD - Channels/Creek/Drainage Issues,740
2,ARR - Bulk,732
2,Coyote Complaints,701
2,Alley & Unpaved Street Maintenance,700
2,Bicycle Issues,699
2,Loud Music,693
2,Austin Code - Coronavirus,666
2,ATD - Parking Sign Maintenance,641
2,Park Maintenance - Grounds Plumbing Issues,639
2,DSD - Request Code Officer,626
2,DSD - Environmental Complaint,588
2,Construction Items in ROW,575
2,ATD - Construction Items in Right of Way,562
2,Flooding  Current (Non-Emergency),552
2,AW - Water Waste Report,552
2,Animal Protection - Assistance Request,544
2,Animal Protection - Found Animal Assistance,540
2,Sign - Parking Sign Maintenance,534
2,Mowing Medians,519
2,PWD - Tree Issue Right of Way,512
2,ARR - Brush,472
2,Street Lights New,468
2,Traffic Calming,467
2,Street Light Issue- Multiple poles/multiple streets,462
2,Road Markings/Striping - New,449
2,Park Maintenance - Pool Issues,413
2,Lost Item in Storm Drainage System,410
2,Animal In Vehicle,410
2,ARR - On Call Bulk,395
2,Sidewalk/Curb Ramp/Route - NEW,386
2,Park Maintenance - Grounds Electrical Issues,385
2,ATD - Traffic Sign New,371
2,Construction items in ROW,367
2,Mowing City Parks,346
2,SBO - Pothole Repair,344
2,ATD - Speed Management,344
2,Curb/Gutter Repair,342
2,ATD - Traffic Signal - Maintenance,323
2,Standing Water,311
2,ARR - Street Sweeping,307
2,Tree Issue ROW/Maintenance (PARD),302
2,Animal Protection - Animal Proper Care,298
2,ATD - Street Name Sign Maintenance,292
2,ATD - Dig Tess Request,288
2,ATD - Road Markings/Striping - Maintenance,273
2,SBO - Debris in Street,272
2,APH - Environmental Health Services - City,268
2,Flooding - Past,268
2,Tree Issue ROW/Emergency (PARD),264
2,Animal Protection - Animal Bite,252
2,Street Resurfacing,251
2,SBO - Obstruction in Right of Way,243
2,DSD - Outdoor Commercial Venue Music Complaint,240
2,Park Maintenance - Building Plumbing Issues,239
2,Pet Resource Center - Found Pet Report,231
2,ATD - Traffic Signal Maintenance,225
2,ARR - Spillage Trash/Fluids,222
2,Speed Management,218
2,Bat Complaint,195
2,Austin Code - Short Term Rental (STR) Appointment,193
2,Animal Trapped in Storm Drain,187
2,APD - Vehicle Abatement Callback Request,175
2,ARR - Special Services,168
2,Construction Items- ROW,167
2,ZZ AFD - Fireworks Complaint,164
2,ATD - Parking Machine Issue,158
2,Zz_ARR - Storm Debris Collection,157
2,WPD - Flooding Current,156
2,ATD - Traffic Sign Emergency,154
2,SBO - Sidewalk Repair,149
2,AE Street Light Issue - No Address,148
2,TARA - Telecommunication Complaint,147
2,ATD - Road Markings/Striping - New,143
2,School Zone - New/Review/Changes,139
2,WPD - Standing Water,136
2,Flooding Current (Non-Emergency),133
2,ACD - Short Term Rental Complaint,130
2,Ditch/Driveway Pipe Services,127
2,Sign - School Zone Sign Maintenance,126
2,Speed Limit - Changes/Signs,125
2,ATD - Traffic Signal - New/Modification,121
2,Park Maintenance - Building Issues,118
2,Animal Protection - Wildlife Exposure,116
2,Code Compliance - Signs/Billboards,116
2,SBO - Pavement Failure,115
2,WPD - Drainage Pond Maintenance,112
2,Construction/Permitting- ROW,111
2,Guardrail New/Repair,111
2,ATD - School Zone Beacon - Maintenance,109
2,Street Resurfacing Inquiry,106
2,WPD - Storm Drain Services,105
2,Neighborhood Home Programs,104
2,AFD - Fireworks Complaint,99
2,Storm Drain Pipe Services,98
2,ARR - Property Damage Report,96
2,ATD - Booting Complaint,95
2,SBO - New Sidewalk/Curb Ramp/Route,93
2,Code Compliance - Short Term Rental (STR) Appointment,91
2,ACD - Case Updates/Code Connect Messages,88
2,SBO - Street and Bridge Miscellaneous,88
2,ATD - View Obstruction and Fencing at Intersection,79
2,ATD - Bicycle &amp; Pedestrian Issues,76
2,Animal Protection - Coyote Complaints,73
2,Zz_Loud Commercial Music,72
2,Animal Protection - Vicious Dog Complaint,68
2,School Issues - Crossing Guards,65
2,Water Theft Report,64
2,Bridge Repair,63
2,Drainage - Miscellaneous,63
2,Roadway Spillage,62
2,WPD - Lost Item in Storm Drainage System,60
2,Guardrail Repair,60
2,ATD - School Zone Sign Maintenance,59
2,Parking Ticket Complaint,58
2,311 CRIS - City Vehicle Report,58
2,Public Health - Environmental Services - County,56
2,Animal Protection - Loose Animal Not Dog,56
2,Loose Animal (not dog),55
2,Barricade Request,50
2,SBO - Street Resurfacing,49
2,SBO - Alley & Unpaved Street Maintenance,48
2,Park Maintenance - Building Electrical Issues,47
2,Austin Code - Construction Rest Break Complaint,47
2,ARR - Household Hazardous Waste,47
2,ZZ - Tree Issue ROW,45
2,Park Maintenance - Building A/C & Heating Issues,45
2,Animal Protection - Dangerous Dog Complaint,43
2,Short Term Rental Complaint SR,42
2,AFD - Wildfire Concern / Presentation,42
2,WPD - Flooding Past,41
2,Corridor Program Office - Corridor Feedback,41
2,ARR - On Call Brush,41
2,APH - Community Connections Coronavirus,40
2,SBO - Utility Cut Repair,40
2,ATD - Construction Concerns in Right of Way,39
2,ATD - Special Event,38
2,AW - Water Theft Report,38
2,PWD - Mowing Medians,37
2,WPD - Watershed Grow Zone Issues,36
2,ARR - Pet Search,35
2,ZZZ ARR Dead Animal Collection,34
2,Animal Protection - Animal In Vehicle,34
2,ATD - Pay-by-Phone App,34
2,Park Maintenance - Cemeteries,33
2,WPD - Ditch/Driveway Pipe Services,33
2,Vendor Permit - ROW,32
2,Basic Needs - Appointment,32
2,AE - Electric Vehicle Station Issues,31
2,PARD - Aquatic Maintenance,31
2,ZZZ ARR Missed Yard Trimmings/Compost,30
2,SBO - Curb/Gutter Repair,29
2,HPD - Neighborhood Home Programs,26
2,Animal Protection - Dog Restraint Issues,24
2,Parking Permit- ROW,24
2,ATD - Traffic Signal - Modification,23
2,WPD - Lady Bird Lake Debris Issues,23
2,WPD - Erosion,23
2,Ordinance Universal Recycling,22
2,ZZZ ARR Missed Recycling,21
2,Animal Roadside Sales,21
2,PW - School Issues - Crossing Guards,20
2,AE - Key Accounts,20
2,Town Lake Debris Issues,19
2,ATD - Traffic Signal - New,19
2,Flood Report,19
2,Zz_Traffic Engineering - General,18
2,DSD - Short Term Rental Complaint,18
2,PW - School Zone - New/Review/Changes,18
2,Residential Parking Permit Enforcement,17
2,EV PIE Station Issues,17
2,SBO - Guardrail New/Repair,16
2,ARR Dumpster,14
2,APH - Environmental Health Services - County,14
2,CPIO - Community Voices,13
2,Filming Permit - ROW,12
2,ZZZ ARR Brush and Bulk,12
2,SBO - Bridge Repair,12
2,Dangerous Animal - Except Dogs,11
2,PARD - Aquatic Inquiries/Issues,11
2,AFD - Wildfire Education,11
2,Ordinance Single-Use Carryout Bags,10
2,Austin Code - Construction Ordinance SR,10
2,Fence/Wall Repair,10
2,ZZ Creek &amp; Pond Vegetation Control,10
2,ACD - Billboard Complaint,10
2,ATD - Bicycle & Pedestrian Issues,9
2,APH - Health Equity Line,8
2,Emergency Road Closure Report,8
2,SBO - Roadway Spillage,8
2,Obstruction - Urban Forestry,7
2,Construction Ordinance SR,7
2,Animal Protection - Animal Trapped in Storm Drain,7
2,DSD - Case Updates/Code Connect Messages,7
2,Valet Permit - ROW,7
2,ZZ Park Maintenance - Pool Issues,6
2,EV PIP Residential Rebate,6
2,Flooding - Storms After Business Hours,6
2,PARD - Commercial Use of Parkland,6
2,zz - Coyote Compliants,5
2,ZZ Mowing City Parks,5
2,ZZZ - DO NOT USE - ERM - Harmful Algae,5
2,APD - Non Emergency Hands Free Violation,4
2,ZZ Creek & Pond Vegetation Control,4
2,Fence Repair - MOPAC,4
2,Newspaper Rack- ROW,4
2,HSEM - Heat Advisory,4
2,CPIO - Community Engagement Project Feedback,3
2,ACD - Construction Rest Break Complaint,3
2,Basic Needs - Information Referral,3
2,Guardrail - New,3
2,Zzz_Speed Limit - Changes/Signs,3
2,PARD - Aquatic Program Inquiries,3
2,Road Sanding Request,2
2,Flooding - Storms During Business Hours,2
2,DSD - Billboard Complaint,2
2,ERM - Harmful Algae,2
2,Utility Coordination - ROW,2
2,ZZ CRM - Configuration Test Waheed,2
2,ZZZ ARR Street Sweeping,2
2,ZZ Mowing Medians,2
2,Animal Protection - Animal Roadside Sales,1
2,LeadSmart Program,1
2,ZZ Corridor Program - Corridor Feedback,1
2,Traffic Engineering - Jurisdiction Issue,1
2,Heat Advisory,1
2,Zz_ATD - Concerns in Right of Way,1
2,Park Maintenance - Building A/C &amp; Heating Issues,1
2,Corridor Program - Corridor Feedback,1
2,ZZ - AFD - Fireworks Complaint,1
3,Austin Code - Request Code Officer,39467
3,Traffic Signal - Maintenance,15718
3,Loose Dog,12596
3,ARR Missed Recycling,10391
3,Animal Control - Assistance Request,9118
3,Street Light Issue- Address,8461
3,ARR - Storm Debris Collection,7787
3,ARR Dead Animal Collection,7738
3,Injured / Sick Animal,7296
3,ARR - Garbage,6918
3,ARR Missed Yard Trimmings/Compost,6363
3,Park Maintenance - Grounds,6334
3,Pothole Repair,5137
3,ARR - Compost,4856
3,ATD - Parking Violation Enforcement,4646
3,ATD - Shared Micromobility,3814
3,ARR - Recycling,3598
3,Debris in Street,3466
3,APD - Vehicle Abatement Report,3355
3,Tree Issue ROW,3323
3,Code Compliance,3121
3,Traffic Signal - Dig Tess Request,2856
3,APD - Non Emergency Collision,2805
3,Public Health - Graffiti Abatement,2728
3,Graffiti Abatement,2707
3,ACD - Request Code Officer,2603
3,Water Waste Report,2553
3,Sign - Traffic Sign Maintenance,2512
3,ARR Missed Yard Trimmings /Organics,2483
3,Animal - Proper Care,2457
3,Obstruction in ROW,2275
3,ARR Brush and Bulk,2222
3,Sidewalk Repair,2190
3,APD - Non Emergency Noise/Alarm,2167
3,Lane/Road Closure Notification,2162
3,Sign - New,2156
3,Wildlife Exposure,2059
3,Parking Violation Enforcement,1979
3,Animal Bite,1842
3,AE Street Light Issue - Address,1836
3,Found Animal - Pick Up,1784
3,Found Animal Report - Keep,1746
3,DSD - Follow-Up,1733
3,Austin Code - Short Term Rental Complaint SR,1715
3,Parking Machine Issue,1709
3,ARR - Dead Animal Collection,1697
3,Shared Micromobility,1628
3,311 CC - Other,1605
3,Pavement Failure,1587
3,Loud Commercial Music,1498
3,Concerns in the ROW,1483
3,Sign - Traffic Sign Emergency,1309
3,AW - Water Conservation Violation,1306
3,Traffic Signal - New/Change,1262
3,Channels/Creeks/Drainage Easement,1234
3,Public Health - Environmental Services - City,1155
3,Animal Protection - Loose Dog,1146
3,ATD - Traffic Sign Maintenance,1099
3,ATD - Concerns in Right of Way,1065
3,Austin Code - Signs/Billboards,1007
3,Animal Services - Contact Request,997
3,ATD - Lane/Road Closure Notification,984
3,Pet Resource Center - Assistance Request,902
3,Sign - Street Name,892
3,Tree Issue ROW/Maintenance (PW),886
3,ARR Street Sweeping,883
3,Road Markings/Striping - Maintenance,880
3,Traffic Engineering - General,865
3,ARR - General,836
3,View Obstruction at Intersection,834
3,Creek & Pond Vegetation Control,824
3,Dangerous/Vicious Dog Investigation,819
3,Dockless Mobility,818
3,Animal Protection - Injured/Sick Animal,801
3,School Zone Flasher - Timing/Maintenance,789
3,AW - Water Waste Report,774
3,Austin Code - Coronavirus,767
3,Aquatics Hotline Inquiry,766
3,Loose Animal Not Dog,765
3,APH - Graffiti Abatement - Public Property,750
3,Community Connections - Coronavirus,739
3,ATD - Parking Sign Maintenance,726
3,Alley & Unpaved Street Maintenance,704
3,DSD - Request Code Officer,703
3,WPD - Channels/Creek/Drainage Issues,698
3,Bicycle Issues,670
3,Coyote Complaints,663
3,Sign - Parking Sign Maintenance,654
3,Tree Issue ROW/Emergency (PW),647
3,DSD - Environmental Complaint,631
3,Construction Items in ROW,613
3,Park Maintenance - Grounds Plumbing Issues,606
3,ZZ AFD - Fireworks Complaint,592
3,Loud Music,584
3,Mowing Medians,581
3,ATD - Construction Items in Right of Way,536
3,ARR - Bulk,530
3,Animal Protection - Found Animal Assistance,528
3,Traffic Calming,526
3,Park Maintenance - Grounds Electrical Issues,516
3,Road Markings/Striping - New,498
3,Animal Protection - Assistance Request,492
3,Sidewalk/Curb Ramp/Route - NEW,445
3,Street Lights New,442
3,Animal In Vehicle,436
3,Park Maintenance - Pool Issues,432
3,Street Light Issue- Multiple poles/multiple streets,431
3,SBO - Pothole Repair,409
3,Construction items in ROW,408
3,Flooding  Current (Non-Emergency),402
3,PWD - Tree Issue Right of Way,399
3,Lost Item in Storm Drainage System,387
3,Tree Issue ROW/Maintenance (PARD),382
3,ARR - On Call Bulk,363
3,ATD - Speed Management,360
3,Mowing City Parks,358
3,Flooding - Past,352
3,ATD - Dig Tess Request,350
3,ARR - Brush,343
3,ATD - Traffic Sign New,331
3,ARR - Street Sweeping,326
3,ATD - Traffic Signal - Maintenance,318
3,Standing Water,312
3,Curb/Gutter Repair,312
3,Street Resurfacing,289
3,Animal Protection - Animal Proper Care,285
3,SBO - Debris in Street,264
3,ATD - Street Name Sign Maintenance,263
3,Pet Resource Center - Found Pet Report,259
3,APH - Environmental Health Services - City,258
3,APD - Vehicle Abatement Callback Request,255
3,ATD - Road Markings/Striping - Maintenance,254
3,Tree Issue ROW/Emergency (PARD),252
3,Park Maintenance - Building Plumbing Issues,240
3,ATD - Traffic Signal Maintenance,239
3,SBO - Obstruction in Right of Way,235
3,Speed Management,228
3,Animal Protection - Animal Bite,227
3,ARR - Spillage Trash/Fluids,213
3,DSD - Outdoor Commercial Venue Music Complaint,206
3,Bat Complaint,190
3,Construction Items- ROW,187
3,Austin Code - Short Term Rental (STR) Appointment,176
3,Animal Trapped in Storm Drain,173
3,ACD - Short Term Rental Complaint,173
3,SBO - Sidewalk Repair,173
3,TARA - Telecommunication Complaint,173
3,ATD - Parking Machine Issue,168
3,ARR - Special Services,163
3,Animal Protection - Wildlife Exposure,159
3,School Zone - New/Review/Changes,152
3,ATD - Traffic Sign Emergency,145
3,ATD - Road Markings/Striping - New,142
3,Code Compliance - Signs/Billboards,141
3,Speed Limit - Changes/Signs,137
3,Street Resurfacing Inquiry,133
3,ARR - Property Damage Report,132
3,Sign - School Zone Sign Maintenance,129
3,Ditch/Driveway Pipe Services,124
3,Park Maintenance - Building Issues,124
3,ATD - Traffic Signal - New/Modification,123
3,AE Street Light Issue - No Address,118
3,Neighborhood Home Programs,118
3,Zz_ARR - Storm Debris Collection,115
3,AFD - Fireworks Complaint,110
3,SBO - Street and Bridge Miscellaneous,106
3,ATD - Booting Complaint,105
3,SBO - Pavement Failure,103
3,WPD - Drainage Pond Maintenance,103
3,ATD - School Zone Beacon - Maintenance,101
3,311 CRIS - City Vehicle Report,100
3,SBO - New Sidewalk/Curb Ramp/Route,98
3,ATD - Bicycle &amp; Pedestrian Issues,97
3,Flooding Current (Non-Emergency),96
3,Code Compliance - Short Term Rental (STR) Appointment,94
3,WPD - Standing Water,92
3,Guardrail New/Repair,91
3,ACD - Case Updates/Code Connect Messages,90
3,Water Theft Report,88
3,Storm Drain Pipe Services,88
3,Construction/Permitting- ROW,87
3,WPD - Storm Drain Services,87
3,WPD - Flooding Current,86
3,Drainage - Miscellaneous,84
3,Public Health - Environmental Services - County,82
3,Zz_Loud Commercial Music,80
3,Animal Protection - Vicious Dog Complaint,77
3,WPD - Lost Item in Storm Drainage System,74
3,Austin Code - Construction Rest Break Complaint,72
3,Roadway Spillage,72
3,School Issues - Crossing Guards,68
3,AFD - Wildfire Concern / Presentation,67
3,Loose Animal (not dog),66
3,ATD - School Zone Sign Maintenance,64
3,Parking Ticket Complaint,63
3,Bridge Repair,62
3,Animal Protection - Loose Animal Not Dog,59
3,Animal Protection - Coyote Complaints,56
3,ATD - View Obstruction and Fencing at Intersection,54
3,Park Maintenance - Building A/C & Heating Issues,54
3,Park Maintenance - Building Electrical Issues,52
3,Barricade Request,50
3,HPD - Neighborhood Home Programs,49
3,APH - Community Connections Coronavirus,48
3,ARR - Pet Search,47
3,AW - Water Theft Report,47
3,Guardrail Repair,46
3,Park Maintenance - Cemeteries,45
3,ZZ - Tree Issue ROW,45
3,WPD - Ditch/Driveway Pipe Services,44
3,WPD - Flooding Past,42
3,SBO - Street Resurfacing,42
3,Corridor Program Office - Corridor Feedback,40
3,PARD - Aquatic Inquiries/Issues,38
3,AE - Electric Vehicle Station Issues,37
3,SBO - Utility Cut Repair,36
3,ATD - Pay-by-Phone App,36
3,Animal Protection - Animal In Vehicle,36
3,PARD - Aquatic Maintenance,36
3,SBO - Alley & Unpaved Street Maintenance,35
3,WPD - Watershed Grow Zone Issues,35
3,Short Term Rental Complaint SR,35
3,ATD - Special Event,34
3,ARR - Household Hazardous Waste,33
3,Residential Parking Permit Enforcement,33
3,WPD - Lady Bird Lake Debris Issues,32
3,Flood Report,31
3,Animal Protection - Dangerous Dog Complaint,30
3,Vendor Permit - ROW,29
3,PWD - Mowing Medians,28
3,PW - School Issues - Crossing Guards,28
3,Ordinance Universal Recycling,28
3,APH - Environmental Health Services - County,27
3,WPD - Erosion,27
3,DSD - Short Term Rental Complaint,27
3,Basic Needs - Appointment,27
3,ARR - On Call Brush,27
3,Austin Code - Construction Ordinance SR,25
3,SBO - Curb/Gutter Repair,24
3,ATD - Traffic Signal - New,24
3,PARD - Commercial Use of Parkland,21
3,Road Sanding Request,21
3,PW - School Zone - New/Review/Changes,21
3,ACD - Billboard Complaint,20
3,ATD - Traffic Signal - Modification,20
3,Animal Protection - Dog Restraint Issues,20
3,ATD - Construction Concerns in Right of Way,20
3,AFD - Wildfire Education,19
3,Parking Permit- ROW,18
3,EV PIE Station Issues,18
3,Animal Protection - Animal Trapped in Storm Drain,18
3,Animal Roadside Sales,17
3,SBO - Guardrail New/Repair,16
3,Fence/Wall Repair,16
3,ZZ Creek &amp; Pond Vegetation Control,15
3,Town Lake Debris Issues,15
3,ERM - Harmful Algae,14
3,Ordinance Single-Use Carryout Bags,14
3,SBO - Bridge Repair,13
3,Dangerous Animal - Except Dogs,13
3,ATD - Bicycle & Pedestrian Issues,13
3,ACD - Construction Rest Break Complaint,12
3,PARD - Aquatic Program Inquiries,12
3,Zz_Traffic Engineering - General,12
3,ARR Dumpster,11
3,APH - Health Equity Line,11
3,Emergency Road Closure Report,11
3,AE - Key Accounts,10
3,SBO - Roadway Spillage,10
3,CPIO - Community Voices,10
3,APD - Non Emergency Hands Free Violation,9
3,ZZ Park Maintenance - Pool Issues,9
3,EV PIP Residential Rebate,9
3,Obstruction - Urban Forestry,8
3,Guardrail - New,8
3,CPIO - Community Engagement Project Feedback,7
3,Newspaper Rack- ROW,6
3,ZZ Mowing City Parks,6
3,Filming Permit - ROW,6
3,Construction Ordinance SR,5
3,HD - Neighborhood Home Programs,5
3,DSD - Billboard Complaint,5
3,Flooding - Storms After Business Hours,4
3,ZZ - AFD - Fireworks Complaint,4
3,Park Maintenance - Building A/C &amp; Heating Issues,4
3,Animal Protection - Animal Roadside Sales,4
3,ZZ Mowing Medians,4
3,ZZ Creek & Pond Vegetation Control,4
3,Flooding - Storms During Business Hours,4
3,LeadSmart Program,4
3,DSD - Case Updates/Code Connect Messages,4
3,ZZ CRM - Configuration Test Waheed,4
3,Basic Needs - Information Referral,3
3,Valet Permit - ROW,3
3,Zz_ATD - Concerns in Right of Way,3
3,ZZ Community Connections - Coronavirus,2
3,ACD - Private Hauler License Violation,2
3,Corridor Program - Corridor Feedback,2
3,ZZZ ARR Missed Recycling,2
3,Zz_ATD - Construction Items in Right of Way,1
3,DSD - Construction Rest Break Complaint,1
3,Traffic Engineering - Jurisdiction Issue,1
3,ZZ ARR - Storm Debris Collection,1
3,zz - Coyote Compliants,1
3,HSEM Heat Advisory,1
3,Fence Repair - MOPAC,1
3,Zzz_Speed Limit - Changes/Signs,1
3,Utility Coordination - ROW,1
3,HSEM - Heat Advisory,1
3,PW - Street & Bridge General,1
3,ATD - Traffic Engineering - General,1
3,DSD - Private Hauler License Violation,1
4,Austin Code - Request Code Officer,38083
4,Traffic Signal - Maintenance,15510
4,Loose Dog,12609
4,ARR Missed Recycling,9498
4,Animal Control - Assistance Request,9297
4,Street Light Issue- Address,8004
4,Injured / Sick Animal,7450
4,ARR Dead Animal Collection,7424
4,ARR - Storm Debris Collection,6473
4,ARR Missed Yard Trimmings/Compost,6457
4,ARR - Garbage,6217
4,Park Maintenance - Grounds,5902
4,ATD - Parking Violation Enforcement,5228
4,Pothole Repair,5018
4,ARR - Compost,4794
4,ATD - Shared Micromobility,4276
4,Tree Issue ROW,4273
4,Debris in Street,3619
4,APD - Vehicle Abatement Report,3226
4,ARR - Recycling,3202
4,Code Compliance,3201
4,APD - Non Emergency Collision,2977
4,ARR Missed Yard Trimmings /Organics,2724
4,Traffic Signal - Dig Tess Request,2661
4,ACD - Request Code Officer,2644
4,Graffiti Abatement,2634
4,Lane/Road Closure Notification,2530
4,Animal - Proper Care,2436
4,Water Waste Report,2403
4,Sign - Traffic Sign Maintenance,2387
4,Obstruction in ROW,2259
4,APD - Non Emergency Noise/Alarm,2207
4,Public Health - Graffiti Abatement,2200
4,Wildlife Exposure,2131
4,DSD - Follow-Up,2062
4,Sign - New,2050
4,Sidewalk Repair,2001
4,Parking Violation Enforcement,1952
4,Found Animal - Pick Up,1878
4,Animal Bite,1858
4,Parking Machine Issue,1856
4,Shared Micromobility,1840
4,Austin Code - Short Term Rental Complaint SR,1817
4,311 CC - Other,1817
4,AE Street Light Issue - Address,1788
4,ARR Brush and Bulk,1698
4,ARR - Dead Animal Collection,1656
4,Found Animal Report - Keep,1628
4,Loud Commercial Music,1573
4,Pavement Failure,1517
4,Concerns in the ROW,1502
4,Traffic Signal - New/Change,1301
4,ATD - Traffic Sign Maintenance,1287
4,Channels/Creeks/Drainage Easement,1259
4,AW - Water Conservation Violation,1256
4,Sign - Traffic Sign Emergency,1201
4,ATD - Concerns in Right of Way,1097
4,Animal Protection - Loose Dog,1085
4,Public Health - Environmental Services - City,1072
4,ATD - Lane/Road Closure Notification,1013
4,Dockless Mobility,977
4,Animal Services - Contact Request,961
4,Austin Code - Signs/Billboards,937
4,Traffic Engineering - General,928
4,Loose Animal Not Dog,911
4,Pet Resource Center - Assistance Request,907
4,ARR Street Sweeping,906
4,ARR - General,903
4,Road Markings/Striping - Maintenance,902
4,Tree Issue ROW/Maintenance (PW),861
4,ATD - Parking Sign Maintenance,854
4,Tree Issue ROW/Emergency (PW),847
4,View Obstruction at Intersection,830
4,Dangerous/Vicious Dog Investigation,813
4,AW - Water Waste Report,810
4,Creek & Pond Vegetation Control,807
4,Austin Code - Coronavirus,776
4,School Zone Flasher - Timing/Maintenance,756
4,Sign - Street Name,755
4,APH - Graffiti Abatement - Public Property,737
4,Animal Protection - Injured/Sick Animal,733
4,DSD - Request Code Officer,700
4,Bicycle Issues,699
4,Community Connections - Coronavirus,690
4,WPD - Channels/Creek/Drainage Issues,676
4,Loud Music,660
4,Alley & Unpaved Street Maintenance,651
4,Construction Items in ROW,625
4,Coyote Complaints,619
4,DSD - Environmental Complaint,612
4,Park Maintenance - Grounds Plumbing Issues,593
4,Mowing Medians,573
4,Sign - Parking Sign Maintenance,573
4,Aquatics Hotline Inquiry,552
4,ARR - Bulk,545
4,ATD - Construction Items in Right of Way,527
4,Animal Protection - Assistance Request,516
4,Traffic Calming,511
4,Road Markings/Striping - New,509
4,Sidewalk/Curb Ramp/Route - NEW,503
4,Flooding  Current (Non-Emergency),494
4,Animal Protection - Found Animal Assistance,485
4,Park Maintenance - Grounds Electrical Issues,471
4,Animal In Vehicle,450
4,SBO - Pothole Repair,445
4,ATD - Traffic Signal - Maintenance,441
4,Street Lights New,421
4,Construction items in ROW,410
4,ARR - Brush,362
4,Mowing City Parks,362
4,Park Maintenance - Pool Issues,361
4,ARR - On Call Bulk,358
4,PWD - Tree Issue Right of Way,349
4,Street Light Issue- Multiple poles/multiple streets,340
4,Lost Item in Storm Drainage System,340
4,ATD - Traffic Sign New,339
4,ARR - Street Sweeping,331
4,ATD - Speed Management,327
4,SBO - Debris in Street,305
4,Tree Issue ROW/Maintenance (PARD),302
4,APD - Vehicle Abatement Callback Request,299
4,Curb/Gutter Repair,299
4,ATD - Road Markings/Striping - Maintenance,297
4,Flooding - Past,294
4,ATD - Dig Tess Request,294
4,Standing Water,291
4,Street Resurfacing,284
4,Animal Protection - Animal Proper Care,276
4,APH - Environmental Health Services - City,264
4,DSD - Outdoor Commercial Venue Music Complaint,239
4,SBO - Obstruction in Right of Way,233
4,ARR - Spillage Trash/Fluids,223
4,Pet Resource Center - Found Pet Report,222
4,ATD - Traffic Signal Maintenance,217
4,Speed Management,216
4,Animal Protection - Animal Bite,215
4,ATD - Street Name Sign Maintenance,206
4,SBO - Sidewalk Repair,202
4,School Zone - New/Review/Changes,185
4,Animal Trapped in Storm Drain,184
4,Park Maintenance - Building Plumbing Issues,182
4,ATD - Parking Machine Issue,171
4,Construction Items- ROW,171
4,Austin Code - Short Term Rental (STR) Appointment,168
4,Code Compliance - Signs/Billboards,164
4,TARA - Telecommunication Complaint,159
4,Tree Issue ROW/Emergency (PARD),157
4,ARR - Special Services,155
4,ATD - Traffic Sign Emergency,153
4,Bat Complaint,144
4,Animal Protection - Wildlife Exposure,143
4,ATD - Traffic Signal - New/Modification,141
4,Speed Limit - Changes/Signs,141
4,AE Street Light Issue - No Address,129
4,ATD - Road Markings/Striping - New,129
4,Ditch/Driveway Pipe Services,129
4,ACD - Short Term Rental Complaint,123
4,Neighborhood Home Programs,121
4,ATD - School Zone Beacon - Maintenance,118
4,Street Resurfacing Inquiry,118
4,Sign - School Zone Sign Maintenance,116
4,Park Maintenance - Building Issues,115
4,WPD - Drainage Pond Maintenance,115
4,ZZ AFD - Fireworks Complaint,106
4,Construction/Permitting- ROW,105
4,Guardrail New/Repair,102
4,SBO - Pavement Failure,101
4,Zz_ARR - Storm Debris Collection,101
4,ARR - Property Damage Report,100
4,ATD - Booting Complaint,100
4,SBO - New Sidewalk/Curb Ramp/Route,97
4,Flooding Current (Non-Emergency),95
4,311 CRIS - City Vehicle Report,95
4,WPD - Standing Water,93
4,WPD - Storm Drain Services,93
4,Animal Protection - Coyote Complaints,92
4,Animal Protection - Loose Animal Not Dog,91
4,SBO - Street and Bridge Miscellaneous,88
4,School Issues - Crossing Guards,87
4,Animal Protection - Vicious Dog Complaint,82
4,Water Theft Report,81
4,ATD - View Obstruction and Fencing at Intersection,80
4,Roadway Spillage,79
4,Storm Drain Pipe Services,78
4,Parking Ticket Complaint,78
4,Zz_Loud Commercial Music,77
4,WPD - Lost Item in Storm Drainage System,75
4,Public Health - Environmental Services - County,74
4,Bridge Repair,74
4,ATD - Bicycle &amp; Pedestrian Issues,69
4,Guardrail Repair,66
4,Drainage - Miscellaneous,64
4,WPD - Flooding Current,63
4,Austin Code - Construction Rest Break Complaint,61
4,ZZ - Tree Issue ROW,59
4,ACD - Case Updates/Code Connect Messages,58
4,Code Compliance - Short Term Rental (STR) Appointment,56
4,ATD - School Zone Sign Maintenance,54
4,Animal Protection - Dangerous Dog Complaint,53
4,AW - Water Theft Report,52
4,Loose Animal (not dog),50
4,AE - Electric Vehicle Station Issues,48
4,Park Maintenance - Building Electrical Issues,46
4,APH - Community Connections Coronavirus,45
4,SBO - Street Resurfacing,45
4,ARR - Pet Search,41
4,AFD - Wildfire Concern / Presentation,41
4,WPD - Ditch/Driveway Pipe Services,39
4,SBO - Utility Cut Repair,39
4,PARD - Aquatic Maintenance,38
4,ATD - Pay-by-Phone App,37
4,DSD - Short Term Rental Complaint,37
4,Park Maintenance - Building A/C & Heating Issues,37
4,SBO - Alley & Unpaved Street Maintenance,35
4,HPD - Neighborhood Home Programs,35
4,ATD - Special Event,34
4,PWD - Mowing Medians,33
4,ATD - Traffic Signal - New,31
4,ARR - On Call Brush,31
4,WPD - Flooding Past,31
4,ATD - Traffic Signal - Modification,31
4,ARR - Household Hazardous Waste,31
4,Park Maintenance - Cemeteries,30
4,Residential Parking Permit Enforcement,30
4,Corridor Program Office - Corridor Feedback,29
4,Animal Protection - Animal In Vehicle,29
4,Barricade Request,29
4,AE - Key Accounts,28
4,Basic Needs - Appointment,28
4,Vendor Permit - ROW,28
4,PW - School Issues - Crossing Guards,27
4,WPD - Watershed Grow Zone Issues,26
4,Animal Roadside Sales,25
4,ATD - Construction Concerns in Right of Way,25
4,Parking Permit- ROW,24
4,Animal Protection - Dog Restraint Issues,24
4,SBO - Curb/Gutter Repair,24
4,WPD - Lady Bird Lake Debris Issues,23
4,Austin Code - Construction Ordinance SR,23
4,PARD - Aquatic Inquiries/Issues,21
4,PW - School Zone - New/Review/Changes,21
4,EV PIE Station Issues,21
4,Ordinance Universal Recycling,21
4,SBO - Guardrail New/Repair,19
4,Short Term Rental Complaint SR,18
4,Emergency Road Closure Report,17
4,WPD - Erosion,16
4,APH - Environmental Health Services - County,16
4,Town Lake Debris Issues,16
4,ZZ Park Maintenance - Pool Issues,15
4,Ordinance Single-Use Carryout Bags,15
4,ZZ ATD - Parking Machine Issue,14
4,AFD - Wildfire Education,14
4,Zz_Traffic Engineering - General,13
4,Flood Report,13
4,ERM - Harmful Algae,12
4,Dangerous Animal - Except Dogs,12
4,PARD - Commercial Use of Parkland,11
4,CPIO - Community Voices,11
4,APH - Health Equity Line,11
4,ZZ Creek &amp; Pond Vegetation Control,10
4,Fence/Wall Repair,10
4,SBO - Bridge Repair,10
4,ACD - Billboard Complaint,10
4,ACD - Construction Rest Break Complaint,9
4,ZZ Mowing City Parks,9
4,Construction Ordinance SR,8
4,EV PIP Residential Rebate,8
4,LeadSmart Program,8
4,Filming Permit - ROW,8
4,CPIO - Community Engagement Project Feedback,7
4,Newspaper Rack- ROW,7
4,ARR Dumpster,7
4,SBO - Roadway Spillage,7
4,ATD - Bicycle & Pedestrian Issues,7
4,APD - Non Emergency Hands Free Violation,7
4,Zz_ATD - Concerns in Right of Way,6
4,ZZ CRM - Configuration Test Waheed,5
4,Animal Protection - Animal Trapped in Storm Drain,5
4,DSD - Case Updates/Code Connect Messages,5
4,Obstruction - Urban Forestry,5
4,Corridor Program - Corridor Feedback,5
4,Guardrail - New,4
4,ZZ Creek & Pond Vegetation Control,4
4,Valet Permit - ROW,3
4,ZZZ ARR Brush and Bulk,3
4,Road Sanding Request,3
4,HD - Neighborhood Home Programs,2
4,ZZZ ARR Missed Recycling,2
4,ZZ ARR - Storm Debris Collection,2
4,HSEM - Heat Advisory,2
4,ZZ Mowing Medians,2
4,ZZ Corridor Program - Corridor Feedback,2
4,Austin Code - Woodridge Apt,2
4,PW - Street & Bridge General,1
4,Park Maintenance - Building A/C &amp; Heating Issues,1
4,ZZZ - Storm Drain Pipe Services,1
4,Flooding - Storms During Business Hours,1
4,ACD - Coronavirus,1
4,ZZ ARR - On Call Brush,1
4,Animal Protection - Animal Roadside Sales,1
4,ZZ CRM - Configuration Test Francois,1
4,Dead Bird,1
4,DSD - Private Hauler License Violation,1
4,Fence Repair - MOPAC,1
4,ACD - Private Hauler License Violation,1
4,Emergency Vehicle Preemption Device,1
4,DSD - Construction Rest Break Complaint,1
4,PARD - Aquatic Program Inquiries,1
5,Austin Code - Request Code Officer,35967
5,Traffic Signal - Maintenance,15629
5,Loose Dog,12415
5,ARR Missed Recycling,9764
5,Animal Control - Assistance Request,8798
5,Street Light Issue- Address,7401
5,Injured / Sick Animal,7313
5,ARR Dead Animal Collection,7136
5,ARR Missed Yard Trimmings/Compost,6820
5,ARR - Storm Debris Collection,5885
5,ARR - Garbage,5833
5,Park Maintenance - Grounds,5550
5,ATD - Parking Violation Enforcement,5082
5,Pothole Repair,5033
5,ARR - Compost,4438
5,ATD - Shared Micromobility,3923
5,Tree Issue ROW,3887
5,Debris in Street,3351
5,Code Compliance,3239
5,ARR - Recycling,3169
5,APD - Vehicle Abatement Report,3103
5,APD - Non Emergency Collision,3022
5,ARR Missed Yard Trimmings /Organics,2773
5,ARR Brush and Bulk,2731
5,Traffic Signal - Dig Tess Request,2593
5,Sign - Traffic Sign Maintenance,2569
5,Animal - Proper Care,2538
5,ACD - Request Code Officer,2523
5,APD - Non Emergency Noise/Alarm,2388
5,Water Waste Report,2379
5,Loud Commercial Music,2334
5,Lane/Road Closure Notification,2331
5,Graffiti Abatement,2327
5,Austin Code - Short Term Rental Complaint SR,2324
5,Obstruction in ROW,2232
5,Public Health - Graffiti Abatement,2200
5,Parking Machine Issue,2149
5,Sign - New,2055
5,Parking Violation Enforcement,2050
5,Wildlife Exposure,2047
5,Sidewalk Repair,2011
5,311 CC - Other,1869
5,Found Animal - Pick Up,1854
5,Animal Bite,1836
5,Shared Micromobility,1761
5,AE Street Light Issue - Address,1719
5,DSD - Follow-Up,1585
5,Found Animal Report - Keep,1578
5,Concerns in the ROW,1477
5,ARR - Dead Animal Collection,1455
5,Pavement Failure,1416
5,Sign - Traffic Sign Emergency,1277
5,Traffic Signal - New/Change,1255
5,ATD - Traffic Sign Maintenance,1213
5,ATD - Concerns in Right of Way,1170
5,AW - Water Conservation Violation,1147
5,Animal Protection - Loose Dog,1121
5,Channels/Creeks/Drainage Easement,1090
5,Dockless Mobility,1039
5,Public Health - Environmental Services - City,1035
5,ARR - General,1025
5,Animal Services - Contact Request,924
5,Traffic Engineering - General,903
5,View Obstruction at Intersection,873
5,Pet Resource Center - Assistance Request,870
5,ATD - Lane/Road Closure Notification,866
5,Loose Animal Not Dog,850
5,Tree Issue ROW/Maintenance (PW),841
5,Austin Code - Signs/Billboards,840
5,Road Markings/Striping - Maintenance,840
5,ARR Street Sweeping,837
5,Dangerous/Vicious Dog Investigation,821
5,AW - Water Waste Report,810
5,Loud Music,795
5,ATD - Parking Sign Maintenance,780
5,Austin Code - Coronavirus,776
5,APH - Graffiti Abatement - Public Property,764
5,ARR - Bulk,728
5,Creek & Pond Vegetation Control,723
5,Bicycle Issues,695
5,DSD - Request Code Officer,688
5,School Zone Flasher - Timing/Maintenance,673
5,Animal Protection - Injured/Sick Animal,655
5,Tree Issue ROW/Emergency (PW),648
5,Community Connections - Coronavirus,636
5,Sign - Street Name,620
5,WPD - Channels/Creek/Drainage Issues,615
5,Coyote Complaints,602
5,Alley & Unpaved Street Maintenance,590
5,DSD - Environmental Complaint,579
5,Park Maintenance - Grounds Plumbing Issues,569
5,Sign - Parking Sign Maintenance,568
5,ATD - Construction Items in Right of Way,542
5,Animal Protection - Assistance Request,534
5,Mowing Medians,532
5,Construction Items in ROW,522
5,Aquatics Hotline Inquiry,497
5,Animal Protection - Found Animal Assistance,490
5,DSD - Outdoor Commercial Venue Music Complaint,482
5,Traffic Calming,478
5,Park Maintenance - Pool Issues,475
5,SBO - Pothole Repair,450
5,Road Markings/Striping - New,444
5,PWD - Tree Issue Right of Way,425
5,Park Maintenance - Grounds Electrical Issues,421
5,Sidewalk/Curb Ramp/Route - NEW,420
5,Animal In Vehicle,412
5,ATD - Traffic Signal - Maintenance,411
5,Street Light Issue- Multiple poles/multiple streets,410
5,ARR - Brush,401
5,Street Lights New,400
5,Construction items in ROW,388
5,Flooding  Current (Non-Emergency),372
5,ATD - Traffic Sign New,361
5,Lost Item in Storm Drainage System,361
5,ATD - Speed Management,323
5,Curb/Gutter Repair,309
5,Flooding - Past,306
5,ARR - Street Sweeping,303
5,ARR - On Call Bulk,296
5,Mowing City Parks,295
5,ATD - Dig Tess Request,292
5,Tree Issue ROW/Maintenance (PARD),291
5,ATD - Road Markings/Striping - Maintenance,286
5,APH - Environmental Health Services - City,270
5,APD - Vehicle Abatement Callback Request,268
5,Animal Protection - Animal Proper Care,259
5,Standing Water,258
5,Street Resurfacing,244
5,SBO - Debris in Street,240
5,SBO - Obstruction in Right of Way,226
5,ARR - Spillage Trash/Fluids,217
5,Park Maintenance - Building Plumbing Issues,206
5,Animal Trapped in Storm Drain,206
5,Speed Management,202
5,Tree Issue ROW/Emergency (PARD),200
5,Animal Protection - Animal Bite,200
5,ATD - Street Name Sign Maintenance,196
5,ATD - Traffic Signal Maintenance,195
5,Pet Resource Center - Found Pet Report,189
5,SBO - Sidewalk Repair,168
5,ATD - Traffic Sign Emergency,166
5,School Zone - New/Review/Changes,166
5,AE Street Light Issue - No Address,165
5,ARR - Special Services,165
5,ATD - Parking Machine Issue,159
5,Animal Protection - Wildlife Exposure,159
5,Bat Complaint,159
5,ACD - Short Term Rental Complaint,158
5,Zz_Loud Commercial Music,155
5,Zz_ARR - Storm Debris Collection,155
5,Austin Code - Short Term Rental (STR) Appointment,154
5,Code Compliance - Signs/Billboards,148
5,Construction Items- ROW,141
5,TARA - Telecommunication Complaint,139
5,Speed Limit - Changes/Signs,138
5,ATD - Road Markings/Striping - New,133
5,ATD - Traffic Signal - New/Modification,130
5,ATD - Booting Complaint,118
5,SBO - Pavement Failure,117
5,Sign - School Zone Sign Maintenance,112
5,Flooding Current (Non-Emergency),111
5,Street Resurfacing Inquiry,109
5,WPD - Flooding Current,107
5,Park Maintenance - Building Issues,106
5,Guardrail New/Repair,105
5,WPD - Storm Drain Services,104
5,WPD - Drainage Pond Maintenance,103
5,ARR - Property Damage Report,102
5,ATD - School Zone Beacon - Maintenance,101
5,Ditch/Driveway Pipe Services,100
5,WPD - Standing Water,97
5,Water Theft Report,96
5,Animal Protection - Loose Animal Not Dog,95
5,Storm Drain Pipe Services,94
5,Construction/Permitting- ROW,90
5,Neighborhood Home Programs,87
5,School Issues - Crossing Guards,87
5,ATD - Bicycle &amp; Pedestrian Issues,80
5,ACD - Case Updates/Code Connect Messages,79
5,Animal Protection - Vicious Dog Complaint,77
5,Parking Ticket Complaint,76
5,SBO - New Sidewalk/Curb Ramp/Route,75
5,Bridge Repair,75
5,Roadway Spillage,74
5,Drainage - Miscellaneous,72
5,311 CRIS - City Vehicle Report,72
5,Animal Protection - Coyote Complaints,72
5,Guardrail Repair,67
5,ATD - View Obstruction and Fencing at Intersection,65
5,Public Health - Environmental Services - County,63
5,SBO - Street and Bridge Miscellaneous,62
5,ZZ - Tree Issue ROW,61
5,WPD - Lost Item in Storm Drainage System,60
5,Austin Code - Construction Rest Break Complaint,53
5,Park Maintenance - Building A/C & Heating Issues,52
5,Code Compliance - Short Term Rental (STR) Appointment,52
5,Loose Animal (not dog),52
5,AW - Water Theft Report,49
5,ATD - Special Event,49
5,AFD - Wildfire Concern / Presentation,46
5,Park Maintenance - Building Electrical Issues,46
5,ARR - Household Hazardous Waste,45
5,SBO - Street Resurfacing,42
5,SBO - Alley & Unpaved Street Maintenance,42
5,PWD - Mowing Medians,41
5,Flood Report,38
5,ARR - On Call Brush,36
5,ATD - School Zone Sign Maintenance,35
5,Animal Protection - Dangerous Dog Complaint,35
5,DSD - Short Term Rental Complaint,34
5,APH - Community Connections Coronavirus,33
5,ARR - Pet Search,33
5,SBO - Utility Cut Repair,32
5,WPD - Ditch/Driveway Pipe Services,32
5,HPD - Neighborhood Home Programs,31
5,Corridor Program Office - Corridor Feedback,31
5,Flooding - Storms After Business Hours,30
5,Parking Permit- ROW,29
5,Short Term Rental Complaint SR,29
5,Residential Parking Permit Enforcement,28
5,Animal Roadside Sales,28
5,ATD - Traffic Signal - New,28
5,PW - School Issues - Crossing Guards,28
5,WPD - Flooding Past,27
5,Basic Needs - Appointment,26
5,Barricade Request,25
5,Animal Protection - Dog Restraint Issues,25
5,Animal Protection - Animal In Vehicle,24
5,Vendor Permit - ROW,23
5,SBO - Curb/Gutter Repair,23
5,ATD - Construction Concerns in Right of Way,23
5,PARD - Aquatic Maintenance,22
5,AE - Electric Vehicle Station Issues,21
5,WPD - Erosion,21
5,ATD - Traffic Signal - Modification,20
5,AFD - Wildfire Education,20
5,EV PIE Station Issues,20
5,ATD - Pay-by-Phone App,19
5,Construction Ordinance SR,19
5,SBO - Guardrail New/Repair,19
5,WPD - Watershed Grow Zone Issues,19
5,Austin Code - Construction Ordinance SR,18
5,Ordinance Universal Recycling,18
5,Park Maintenance - Cemeteries,18
5,PW - School Zone - New/Review/Changes,17
5,APH - Environmental Health Services - County,17
5,AFD - Fireworks Complaint,17
5,Zz_Traffic Engineering - General,16
5,Emergency Road Closure Report,16
5,WPD - Lady Bird Lake Debris Issues,16
5,AE - Key Accounts,15
5,CPIO - Community Voices,14
5,ACD - Billboard Complaint,14
5,PARD - Commercial Use of Parkland,13
5,Animal Protection - Animal Trapped in Storm Drain,13
5,Town Lake Debris Issues,12
5,Dangerous Animal - Except Dogs,11
5,Ordinance Single-Use Carryout Bags,11
5,ERM - Harmful Algae,9
5,Guardrail - New,9
5,APD - Non Emergency Hands Free Violation,9
5,CPIO - Community Engagement Project Feedback,8
5,Obstruction - Urban Forestry,8
5,APH - Health Equity Line,8
5,ZZ Park Maintenance - Pool Issues,8
5,Valet Permit - ROW,8
5,EV PIP Residential Rebate,7
5,ARR Dumpster,7
5,ZZ ARR - Storm Debris Collection,6
5,Fence/Wall Repair,6
5,Filming Permit - ROW,6
5,LeadSmart Program,5
5,PARD - Aquatic Inquiries/Issues,5
5,SBO - Roadway Spillage,5
5,PARD - Aquatic Program Inquiries,5
5,DSD - Case Updates/Code Connect Messages,5
5,ZZ Creek &amp; Pond Vegetation Control,5
5,ZZ Creek & Pond Vegetation Control,5
5,Corridor Program - Corridor Feedback,4
5,ZZZ ARR Brush and Bulk,4
5,Flooding - Storms During Business Hours,4
5,DSD - Billboard Complaint,4
5,ZZ Mowing Medians,4
5,ZZ Mowing City Parks,4
5,HSEM - Heat Advisory,3
5,ATD - Bicycle & Pedestrian Issues,3
5,Road Sanding Request,3
5,Animal Protection - Animal Roadside Sales,3
5,Traffic Engineering - Jurisdiction Issue,3
5,Newspaper Rack- ROW,3
5,SBO - Bridge Repair,3
5,Utility Coordination - ROW,2
5,HD - Neighborhood Home Programs,2
5,zCoyote Complaints,2
5,ZZ Corridor Program - Corridor Feedback,2
5,Zz_ATD - Concerns in Right of Way,2
5,ACD - Construction Rest Break Complaint,2
5,PW - Street & Bridge General,2
5,Fence Repair - MOPAC,1
5,ZZZ - Storm Drain Pipe Services,1
5,ZZ CRM - Configuration Test Francois,1
5,ZZZ ARR Street Sweeping,1
5,ZZ CRM - Configuration Test Waheed,1
5,Zz_ATD - Construction Items in Right of Way,1
5,ATD - Traffic Engineering - General,1
5,Park Maintenance - Building A/C &amp; Heating Issues,1
6,Austin Code - Request Code Officer,32414
6,Traffic Signal - Maintenance,14965
6,Loose Dog,12282
6,ARR Missed Recycling,11363
6,Animal Control - Assistance Request,8573
6,ARR Missed Yard Trimmings/Compost,7581
6,Injured / Sick Animal,7094
6,ARR Dead Animal Collection,7066
6,Street Light Issue- Address,6594
6,ARR - Garbage,6463
6,ARR - Storm Debris Collection,6138
6,Park Maintenance - Grounds,5374
6,ATD - Parking Violation Enforcement,5161
6,ARR - Compost,4973
6,Pothole Repair,4508
6,ARR Brush and Bulk,4282
6,ATD - Shared Micromobility,4037
6,Tree Issue ROW,3612
6,APD - Non Emergency Noise/Alarm,3507
6,Loud Commercial Music,3500
6,Debris in Street,3462
6,ARR - Recycling,3449
6,APD - Non Emergency Collision,3064
6,ARR Missed Yard Trimmings /Organics,2952
6,Code Compliance,2832
6,APD - Vehicle Abatement Report,2747
6,Austin Code - Short Term Rental Complaint SR,2626
6,Animal - Proper Care,2440
6,Water Waste Report,2352
6,ACD - Request Code Officer,2268
6,Lane/Road Closure Notification,2234
6,Parking Machine Issue,2231
6,Sign - Traffic Sign Maintenance,2192
6,Parking Violation Enforcement,2146
6,Public Health - Graffiti Abatement,2118
6,Traffic Signal - Dig Tess Request,2076
6,Obstruction in ROW,2048
6,Wildlife Exposure,1908
6,Animal Bite,1864
6,Sign - New,1853
6,Found Animal - Pick Up,1828
6,Sidewalk Repair,1822
6,Shared Micromobility,1794
6,311 CC - Other,1714
6,Found Animal Report - Keep,1617
6,AE Street Light Issue - Address,1593
6,DSD - Follow-Up,1477
6,ARR - Dead Animal Collection,1429
6,Graffiti Abatement,1417
6,AW - Water Conservation Violation,1403
6,Pavement Failure,1354
6,Concerns in the ROW,1238
6,Sign - Traffic Sign Emergency,1236
6,Loud Music,1228
6,Animal Protection - Loose Dog,1121
6,Traffic Signal - New/Change,1046
6,Dockless Mobility,1038
6,Channels/Creeks/Drainage Easement,1016
6,ARR - General,1016
6,Public Health - Environmental Services - City,955
6,ATD - Traffic Sign Maintenance,942
6,Austin Code - Coronavirus,909
6,Animal Services - Contact Request,902
6,ATD - Concerns in Right of Way,883
6,ARR - Bulk,879
6,Loose Animal Not Dog,832
6,Austin Code - Signs/Billboards,824
6,Pet Resource Center - Assistance Request,808
6,Dangerous/Vicious Dog Investigation,805
6,ARR Street Sweeping,794
6,Tree Issue ROW/Emergency (PW),794
6,Traffic Engineering - General,775
6,ATD - Lane/Road Closure Notification,772
6,ATD - Parking Sign Maintenance,728
6,APH - Graffiti Abatement - Public Property,719
6,AW - Water Waste Report,699
6,Road Markings/Striping - Maintenance,698
6,DSD - Outdoor Commercial Venue Music Complaint,685
6,View Obstruction at Intersection,684
6,Tree Issue ROW/Maintenance (PW),680
6,Animal Protection - Injured/Sick Animal,679
6,Flooding  Current (Non-Emergency),644
6,WPD - Channels/Creek/Drainage Issues,644
6,DSD - Request Code Officer,641
6,Creek & Pond Vegetation Control,630
6,Community Connections - Coronavirus,629
6,Coyote Complaints,629
6,Bicycle Issues,622
6,Park Maintenance - Grounds Plumbing Issues,594
6,Alley & Unpaved Street Maintenance,587
6,DSD - Environmental Complaint,585
6,ARR - Brush,561
6,Aquatics Hotline Inquiry,559
6,Animal Protection - Found Animal Assistance,546
6,School Zone Flasher - Timing/Maintenance,545
6,Construction Items in ROW,523
6,Sign - Street Name,514
6,Sign - Parking Sign Maintenance,504
6,Mowing Medians,483
6,ATD - Construction Items in Right of Way,468
6,Animal Protection - Assistance Request,462
6,Animal In Vehicle,461
6,Park Maintenance - Pool Issues,458
6,Lost Item in Storm Drainage System,452
6,SBO - Pothole Repair,423
6,Traffic Calming,398
6,Road Markings/Striping - New,387
6,PWD - Tree Issue Right of Way,383
6,Construction items in ROW,374
6,Street Lights New,358
6,Street Light Issue- Multiple poles/multiple streets,347
6,Tree Issue ROW/Emergency (PARD),339
6,ATD - Traffic Signal - Maintenance,338
6,Park Maintenance - Grounds Electrical Issues,334
6,Sidewalk/Curb Ramp/Route - NEW,308
6,ATD - Traffic Sign New,295
6,ATD - Speed Management,293
6,Tree Issue ROW/Maintenance (PARD),285
6,APH - Environmental Health Services - City,283
6,ARR - Street Sweeping,282
6,ARR - On Call Bulk,281
6,Animal Protection - Animal Proper Care,279
6,Mowing City Parks,277
6,Standing Water,270
6,Curb/Gutter Repair,267
6,SBO - Debris in Street,266
6,Flooding - Past,258
6,ATD - Road Markings/Striping - Maintenance,240
6,SBO - Obstruction in Right of Way,228
6,Animal Protection - Animal Bite,223
6,APD - Vehicle Abatement Callback Request,221
6,Street Resurfacing,215
6,ATD - Dig Tess Request,214
6,Park Maintenance - Building Plumbing Issues,206
6,ACD - Short Term Rental Complaint,205
6,ARR - Spillage Trash/Fluids,200
6,Speed Management,191
6,Animal Trapped in Storm Drain,178
6,Bat Complaint,176
6,ATD - Street Name Sign Maintenance,176
6,Pet Resource Center - Found Pet Report,170
6,ATD - Parking Machine Issue,168
6,Zz_Loud Commercial Music,166
6,ATD - Traffic Signal Maintenance,165
6,ARR - Special Services,165
6,ATD - Traffic Sign Emergency,156
6,Austin Code - Short Term Rental (STR) Appointment,155
6,TARA - Telecommunication Complaint,154
6,Construction Items- ROW,149
6,ATD - Booting Complaint,148
6,SBO - Sidewalk Repair,146
6,Animal Protection - Wildlife Exposure,134
6,Code Compliance - Signs/Billboards,128
6,School Zone - New/Review/Changes,122
6,AE Street Light Issue - No Address,120
6,Park Maintenance - Building Issues,111
6,Sign - School Zone Sign Maintenance,106
6,ATD - Traffic Signal - New/Modification,104
6,Ditch/Driveway Pipe Services,102
6,WPD - Drainage Pond Maintenance,101
6,Speed Limit - Changes/Signs,99
6,WPD - Standing Water,94
6,Street Resurfacing Inquiry,93
6,ARR - Property Damage Report,90
6,ATD - School Zone Beacon - Maintenance,88
6,Zz_ARR - Storm Debris Collection,87
6,SBO - New Sidewalk/Curb Ramp/Route,87
6,ATD - Road Markings/Striping - New,87
6,Water Theft Report,86
6,SBO - Pavement Failure,85
6,Neighborhood Home Programs,84
6,Roadway Spillage,84
6,Parking Ticket Complaint,82
6,WPD - Flooding Current,80
6,Guardrail New/Repair,79
6,WPD - Lost Item in Storm Drainage System,78
6,School Issues - Crossing Guards,78
6,WPD - Storm Drain Services,77
6,Construction/Permitting- ROW,76
6,SBO - Street and Bridge Miscellaneous,75
6,311 CRIS - City Vehicle Report,74
6,ATD - Bicycle &amp; Pedestrian Issues,72
6,Animal Protection - Loose Animal Not Dog,71
6,Flooding Current (Non-Emergency),69
6,ATD - Special Event,67
6,Park Maintenance - Building A/C & Heating Issues,67
6,Animal Protection - Vicious Dog Complaint,64
6,ACD - Case Updates/Code Connect Messages,64
6,Animal Protection - Coyote Complaints,63
6,SBO - Alley & Unpaved Street Maintenance,60
6,Park Maintenance - Building Electrical Issues,59
6,ATD - View Obstruction and Fencing at Intersection,58
6,Storm Drain Pipe Services,57
6,Guardrail Repair,56
6,Drainage - Miscellaneous,56
6,Loose Animal (not dog),55
6,Flooding - Storms After Business Hours,54
6,AFD - Wildfire Concern / Presentation,52
6,Barricade Request,52
6,Austin Code - Construction Rest Break Complaint,51
6,Short Term Rental Complaint SR,49
6,AW - Water Theft Report,49
6,Public Health - Environmental Services - County,46
6,Bridge Repair,46
6,Animal Protection - Dangerous Dog Complaint,45
6,DSD - Short Term Rental Complaint,45
6,ZZ - Tree Issue ROW,44
6,Code Compliance - Short Term Rental (STR) Appointment,44
6,WPD - Flooding Past,42
6,AFD - Fireworks Complaint,40
6,Austin Code - Construction Ordinance SR,40
6,ATD - School Zone Sign Maintenance,38
6,APH - Community Connections Coronavirus,36
6,PWD - Mowing Medians,36
6,SBO - Street Resurfacing,36
6,PARD - Aquatic Maintenance,35
6,Flood Report,35
6,ARR - Household Hazardous Waste,34
6,SBO - Utility Cut Repair,32
6,Park Maintenance - Cemeteries,32
6,WPD - Ditch/Driveway Pipe Services,31
6,WPD - Watershed Grow Zone Issues,30
6,Residential Parking Permit Enforcement,30
6,Animal Protection - Animal In Vehicle,30
6,Road Sanding Request,29
6,ATD - Construction Concerns in Right of Way,29
6,AE - Electric Vehicle Station Issues,28
6,ARR - Pet Search,27
6,ATD - Pay-by-Phone App,25
6,ZZZ ARR Brush and Bulk,25
6,Animal Protection - Dog Restraint Issues,25
6,ATD - Traffic Signal - New,24
6,ARR - On Call Brush,24
6,SBO - Curb/Gutter Repair,23
6,Animal Roadside Sales,22
6,Ordinance Universal Recycling,21
6,Basic Needs - Appointment,20
6,Zz_Traffic Engineering - General,19
6,Corridor Program Office - Corridor Feedback,19
6,HPD - Neighborhood Home Programs,19
6,Vendor Permit - ROW,19
6,ZZ Park Maintenance - Pool Issues,19
6,ATD - Traffic Signal - Modification,18
6,Animal Protection - Animal Trapped in Storm Drain,18
6,SBO - Guardrail New/Repair,17
6,WPD - Erosion,16
6,PW - School Issues - Crossing Guards,16
6,PW - School Zone - New/Review/Changes,15
6,PARD - Commercial Use of Parkland,15
6,ACD - Billboard Complaint,14
6,WPD - Lady Bird Lake Debris Issues,13
6,ZZZ ARR Missed Recycling,13
6,Dangerous Animal - Except Dogs,13
6,Parking Permit- ROW,13
6,Emergency Road Closure Report,13
6,EV PIE Station Issues,13
6,Town Lake Debris Issues,12
6,APD - Non Emergency Hands Free Violation,11
6,Obstruction - Urban Forestry,11
6,APH - Environmental Health Services - County,11
6,Ordinance Single-Use Carryout Bags,11
6,ZZ Creek &amp; Pond Vegetation Control,11
6,AFD - Wildfire Education,10
6,Valet Permit - ROW,9
6,PARD - Aquatic Inquiries/Issues,8
6,ERM - Harmful Algae,8
6,ZZ ARR - Storm Debris Collection,7
6,CPIO - Community Voices,6
6,PARD - Aquatic Program Inquiries,6
6,ZZ Mowing City Parks,6
6,Fence/Wall Repair,6
6,ATD - Bicycle & Pedestrian Issues,6
6,SBO - Roadway Spillage,6
6,Construction Ordinance SR,6
6,CPIO - Community Engagement Project Feedback,6
6,Traffic Engineering - Jurisdiction Issue,6
6,Filming Permit - ROW,5
6,Newspaper Rack- ROW,5
6,AE - Key Accounts,5
6,LeadSmart Program,5
6,SBO - Bridge Repair,5
6,Flooding - Storms During Business Hours,5
6,HSEM - Heat Advisory,5
6,EV PIP Residential Rebate,4
6,ACD - Construction Rest Break Complaint,4
6,ZZ Creek & Pond Vegetation Control,4
6,APH - Health Equity Line,4
6,ZZZ ARR Missed Yard Trimmings/Compost,3
6,Park Maintenance - Building A/C &amp; Heating Issues,3
6,Animal Protection - Animal Roadside Sales,3
6,Zz_ATD - Concerns in Right of Way,2
6,Corridor Program - Corridor Feedback,2
6,DSD - Case Updates/Code Connect Messages,2
6,Guardrail - New,2
6,Utility Coordination - ROW,2
6,ZZ Mowing Medians,2
6,ARR Dumpster,2
6,Zz_ATD - Construction Items in Right of Way,2
6,DSD - Billboard Complaint,2
6,ZZAFD - Fireworks Complaint,2
6,Zzz_Speed Limit - Changes/Signs,1
6,ZZZ - Storm Drain Pipe Services,1
6,Fence Repair - MOPAC,1
6,PW - Street & Bridge General,1
6,zz - Coyote Compliants,1
6,DSD - Private Hauler License Violation,1
6,HD - Neighborhood Home Programs,1
6,zCoyote Complaints,1
6,Emergency Vehicle Preemption Device,1
6,ACD - Private Hauler License Violation,1
7,Austin Code - Request Code Officer,15310
7,Traffic Signal - Maintenance,12893
7,Loose Dog,9495
7,Injured / Sick Animal,6433
7,APD - Non Emergency Noise/Alarm,6008
7,Animal Control - Assistance Request,5805
7,ARR Dead Animal Collection,5649
7,Loud Commercial Music,5166
7,ARR - Storm Debris Collection,5007
7,Park Maintenance - Grounds,4806
7,ATD - Parking Violation Enforcement,4799
7,ARR Missed Recycling,3987
7,Street Light Issue- Address,3370
7,Pothole Repair,3010
7,ARR Missed Yard Trimmings/Compost,2752
7,Parking Machine Issue,2584
7,APD - Non Emergency Collision,2518
7,Loud Music,2290
7,Parking Violation Enforcement,2148
7,Tree Issue ROW,2084
7,Debris in Street,2030
7,Animal - Proper Care,2008
7,ARR - Garbage,1976
7,Public Health - Graffiti Abatement,1945
7,Water Waste Report,1864
7,ARR - Compost,1854
7,Animal Bite,1808
7,APD - Vehicle Abatement Report,1804
7,ATD - Shared Micromobility,1670
7,Found Animal - Pick Up,1653
7,Found Animal Report - Keep,1641
7,Austin Code - Short Term Rental Complaint SR,1612
7,311 CC - Other,1573
7,Shared Micromobility,1543
7,Sign - Traffic Sign Maintenance,1502
7,Wildlife Exposure,1384
7,ARR - Dead Animal Collection,1253
7,Code Compliance,1196
7,ARR - Recycling,1169
7,Austin Code - Coronavirus,1160
7,ARR Brush and Bulk,1144
7,ACD - Request Code Officer,1117
7,Sign - Traffic Sign Emergency,1027
7,Sidewalk Repair,984
7,DSD - Outdoor Commercial Venue Music Complaint,979
7,AW - Water Conservation Violation,971
7,Animal Protection - Loose Dog,929
7,Dockless Mobility,902
7,Obstruction in ROW,902
7,Traffic Signal - Dig Tess Request,901
7,Tree Issue ROW/Emergency (PW),876
7,Sign - New,872
7,AE Street Light Issue - Address,834
7,Graffiti Abatement,808
7,ARR Missed Yard Trimmings /Organics,807
7,Park Maintenance - Grounds Plumbing Issues,772
7,APH - Graffiti Abatement - Public Property,758
7,Loose Animal Not Dog,757
7,Park Maintenance - Pool Issues,667
7,Animal Protection - Injured/Sick Animal,661
7,Dangerous/Vicious Dog Investigation,623
7,ATD - Concerns in Right of Way,598
7,Animal Services - Contact Request,586
7,Pet Resource Center - Assistance Request,585
7,Animal In Vehicle,584
7,Channels/Creeks/Drainage Easement,524
7,ATD - Traffic Sign Maintenance,518
7,Concerns in the ROW,514
7,Lost Item in Storm Drainage System,488
7,Austin Code - Signs/Billboards,486
7,Public Health - Environmental Services - City,485
7,AW - Water Waste Report,482
7,Pavement Failure,480
7,Animal Protection - Found Animal Assistance,468
7,Coyote Complaints,462
7,Flooding  Current (Non-Emergency),451
7,ARR Street Sweeping,381
7,Park Maintenance - Building Plumbing Issues,368
7,ZZ - AFD - Fireworks Complaint,363
7,ARR - General,337
7,Construction Items in ROW,334
7,Bicycle Issues,326
7,Park Maintenance - Grounds Electrical Issues,311
7,Traffic Signal - New/Change,308
7,ATD - Traffic Signal - Maintenance,305
7,Sign - Parking Sign Maintenance,303
7,DSD - Request Code Officer,303
7,Animal Protection - Assistance Request,303
7,DSD - Environmental Complaint,290
7,SBO - Pothole Repair,288
7,Tree Issue ROW/Maintenance (PW),279
7,Road Markings/Striping - Maintenance,275
7,View Obstruction at Intersection,274
7,WPD - Channels/Creek/Drainage Issues,264
7,ATD - Parking Sign Maintenance,258
7,ACD - Short Term Rental Complaint,254
7,Creek & Pond Vegetation Control,253
7,ATD - Construction Items in Right of Way,253
7,Park Maintenance - Building A/C & Heating Issues,252
7,Zz_Loud Commercial Music,241
7,ATD - Speed Management,239
7,Alley & Unpaved Street Maintenance,239
7,Sign - Street Name,235
7,ATD - Parking Machine Issue,229
7,Park Maintenance - Building Issues,225
7,ARR - Bulk,220
7,Animal Protection - Animal Bite,220
7,Community Connections - Coronavirus,217
7,Construction items in ROW,209
7,Animal Protection - Animal Proper Care,206
7,Traffic Engineering - General,204
7,PWD - Tree Issue Right of Way,195
7,AFD - Fireworks Complaint,194
7,Mowing Medians,194
7,Pet Resource Center - Found Pet Report,179
7,ARR - Brush,169
7,Animal Trapped in Storm Drain,165
7,Traffic Calming,165
7,ARR - Street Sweeping,163
7,Sidewalk/Curb Ramp/Route - NEW,159
7,ATD - Traffic Sign New,159
7,Street Light Issue- Multiple poles/multiple streets,156
7,ATD - Traffic Signal Maintenance,155
7,Lane/Road Closure Notification,153
7,ATD - Booting Complaint,150
7,ATD - Lane/Road Closure Notification,150
7,SBO - Debris in Street,148
7,School Zone Flasher - Timing/Maintenance,147
7,APH - Environmental Health Services - City,144
7,ARR - On Call Bulk,128
7,ATD - Traffic Sign Emergency,122
7,Tree Issue ROW/Maintenance (PARD),121
7,Road Markings/Striping - New,120
7,Flooding - Past,119
7,ATD - Street Name Sign Maintenance,113
7,Mowing City Parks,111
7,Street Lights New,111
7,Animal Protection - Wildlife Exposure,107
7,Bat Complaint,106
7,Street Resurfacing,104
7,ATD - Special Event,103
7,Standing Water,102
7,APD - Vehicle Abatement Callback Request,101
7,ATD - Road Markings/Striping - Maintenance,97
7,Aquatics Hotline Inquiry,95
7,WPD - Flooding Current,92
7,SBO - Obstruction in Right of Way,92
7,Flooding Current (Non-Emergency),91
7,Construction Items- ROW,88
7,Tree Issue ROW/Emergency (PARD),88
7,Speed Management,88
7,Curb/Gutter Repair,84
7,Guardrail New/Repair,84
7,WPD - Lost Item in Storm Drainage System,80
7,ARR - Special Services,80
7,SBO - Sidewalk Repair,79
7,Short Term Rental Complaint SR,77
7,DSD - Follow-Up,74
7,Animal Protection - Loose Animal Not Dog,73
7,Animal Protection - Coyote Complaints,68
7,ATD - Dig Tess Request,66
7,Park Maintenance - Building Electrical Issues,64
7,Zz_ARR - Storm Debris Collection,63
7,Code Compliance - Signs/Billboards,60
7,ATD - Road Markings/Striping - New,60
7,Animal Protection - Vicious Dog Complaint,59
7,ARR - Spillage Trash/Fluids,58
7,Animal Roadside Sales,57
7,PARD - Aquatic Maintenance,54
7,Animal Protection - Animal In Vehicle,52
7,SBO - New Sidewalk/Curb Ramp/Route,50
7,TARA - Telecommunication Complaint,50
7,Speed Limit - Changes/Signs,50
7,Water Theft Report,50
7,ATD - Pay-by-Phone App,45
7,WPD - Standing Water,45
7,WPD - Drainage Pond Maintenance,44
7,Loose Animal (not dog),43
7,WPD - Storm Drain Services,42
7,Storm Drain Pipe Services,42
7,Ditch/Driveway Pipe Services,39
7,Parking Ticket Complaint,39
7,311 CRIS - City Vehicle Report,39
7,ATD - Traffic Signal - New/Modification,37
7,AE Street Light Issue - No Address,36
7,SBO - Pavement Failure,34
7,ARR - Property Damage Report,33
7,Residential Parking Permit Enforcement,33
7,Guardrail Repair,33
7,ACD - Case Updates/Code Connect Messages,32
7,Sign - School Zone Sign Maintenance,31
7,ATD - Bicycle &amp; Pedestrian Issues,31
7,Austin Code - Construction Rest Break Complaint,30
7,AFD - Wildfire Concern / Presentation,30
7,Neighborhood Home Programs,29
7,ATD - School Zone Beacon - Maintenance,28
7,Animal Protection - Dangerous Dog Complaint,28
7,Park Maintenance - Cemeteries,28
7,Street Resurfacing Inquiry,27
7,Bridge Repair,26
7,AW - Water Theft Report,26
7,SBO - Street and Bridge Miscellaneous,26
7,WPD - Ditch/Driveway Pipe Services,24
7,Animal Protection - Dog Restraint Issues,24
7,AE - Electric Vehicle Station Issues,24
7,Roadway Spillage,23
7,DSD - Short Term Rental Complaint,22
7,ARR - Pet Search,22
7,ATD - View Obstruction and Fencing at Intersection,22
7,Drainage - Miscellaneous,21
7,Austin Code - Short Term Rental (STR) Appointment,21
7,PARD - Aquatic Inquiries/Issues,20
7,ZZ Park Maintenance - Pool Issues,20
7,Public Health - Environmental Services - County,20
7,Corridor Program Office - Corridor Feedback,20
7,WPD - Lady Bird Lake Debris Issues,19
7,SBO - Utility Cut Repair,19
7,SBO - Street Resurfacing,19
7,Animal Protection - Animal Trapped in Storm Drain,18
7,ARR - Household Hazardous Waste,17
7,ATD - Traffic Signal - New,17
7,ARR - On Call Brush,15
7,SBO - Alley & Unpaved Street Maintenance,14
7,PWD - Mowing Medians,13
7,SBO - Guardrail New/Repair,13
7,WPD - Erosion,13
7,WPD - Flooding Past,13
7,Ordinance Universal Recycling,12
7,School Zone - New/Review/Changes,12
7,AE - Key Accounts,11
7,CPIO - Community Voices,11
7,PARD - Commercial Use of Parkland,11
7,ATD - Traffic Signal - Modification,11
7,APH - Community Connections Coronavirus,10
7,HPD - Neighborhood Home Programs,10
7,ATD - School Zone Sign Maintenance,9
7,SBO - Curb/Gutter Repair,9
7,Town Lake Debris Issues,8
7,Austin Code - Construction Ordinance SR,8
7,ZZ - Tree Issue ROW,8
7,ATD - Construction Concerns in Right of Way,8
7,DSD - Case Updates/Code Connect Messages,8
7,APH - Environmental Health Services - County,8
7,Barricade Request,8
7,ZZZ ARR Missed Recycling,8
7,Ordinance Single-Use Carryout Bags,8
7,Construction/Permitting- ROW,8
7,Animal Protection - Animal Roadside Sales,7
7,Fence/Wall Repair,7
7,Dangerous Animal - Except Dogs,6
7,Park Maintenance - Building A/C &amp; Heating Issues,6
7,ZZZ ARR Brush and Bulk,6
7,SBO - Roadway Spillage,6
7,ERM - Harmful Algae,6
7,ACD - Billboard Complaint,6
7,ZZZ ARR Missed Yard Trimmings/Compost,6
7,Parking Permit- ROW,5
7,ARR Dumpster,5
7,AFD - Wildfire Education,4
7,ZZ Creek &amp; Pond Vegetation Control,4
7,ACD - Construction Rest Break Complaint,4
7,Code Compliance - Short Term Rental (STR) Appointment,4
7,SBO - Bridge Repair,4
7,Emergency Road Closure Report,4
7,Vendor Permit - ROW,3
7,ZZ ARR - Storm Debris Collection,3
7,Newspaper Rack- ROW,3
7,PW - School Zone - New/Review/Changes,3
7,WPD - Watershed Grow Zone Issues,3
7,Flood Report,3
7,CPIO - Community Engagement Project Feedback,3
7,APH - Health Equity Line,2
7,PW - School Issues - Crossing Guards,2
7,Basic Needs - Appointment,2
7,Flooding - Storms After Business Hours,2
7,School Issues - Crossing Guards,2
7,HD - Neighborhood Home Programs,1
7,ATD - Traffic Engineering - General,1
7,EV PIP Residential Rebate,1
7,ZZ Creek & Pond Vegetation Control,1
7,PARD - Aquatic Program Inquiries,1
7,ACD - Private Hauler License Violation,1
7,Basic Needs - Information Referral,1
7,EV PIE Station Issues,1
7,LeadSmart Program,1
7,Corridor Program - Corridor Feedback,1
7,ATD - Bicycle & Pedestrian Issues,1
7,DSD - Billboard Complaint,1
7,Fence Repair - MOPAC,1
7,DSD - Private Hauler License Violation,1
7,HSEM - Heat Advisory,1
7,Zz_Traffic Engineering - General,1